product_key,product_title,product_url,source_page
index,CDN LIGHTING - CDN LIGHT,https://www.cdnlight.com/DecorativeLighting/index.aspx,https://www.cdnlight.com/
index,CDN LIGHTING - CDN LIGHT,https://www.cdnlight.com/SeriesParameters/index.aspx?plcid=26,https://www.cdnlight.com/
index,CDN LIGHTING - CDN LIGHT,https://www.cdnlight.com/SeriesParameters/index.aspx?plcid=27,https://www.cdnlight.com/
index,CDN LIGHTING - CDN LIGHT,https://www.cdnlight.com/SeriesParameters/index.aspx?plcid=28,https://www.cdnlight.com/
index,CDN LIGHTING - CDN LIGHT,https://www.cdnlight.com/SeriesParameters/index.aspx?plcid=28&lcid=82,https://www.cdnlight.com/
index,CDN LIGHTING - CDN LIGHT,https://www.cdnlight.com/SeriesParameters/index.aspx?plcid=28&lcid=85,https://www.cdnlight.com/
index,CDN LIGHTING - CDN LIGHT,https://www.cdnlight.com/SeriesParameters/index.aspx?plcid=28&lcid=87,https://www.cdnlight.com/
index,CDN LIGHTING - CDN LIGHT,https://www.cdnlight.com/SeriesParameters/index.aspx?plcid=28&lcid=88,https://www.cdnlight.com/
index,CDN LIGHTING - CDN LIGHT,https://www.cdnlight.com/SeriesParameters/index.aspx?plcid=28&lcid=89,https://www.cdnlight.com/
index,CDN LIGHTING - CDN LIGHT,https://www.cdnlight.com/SeriesParameters/index.aspx?plcid=28&lcid=90,https://www.cdnlight.com/
index,CDN LIGHTING - CDN LIGHT,https://www.cdnlight.com/SeriesParameters/index.aspx?plcid=28&lcid=91,https://www.cdnlight.com/
index,CDN LIGHTING - CDN LIGHT,https://www.cdnlight.com/SeriesParameters/index.aspx?plcid=28&lcid=92,https://www.cdnlight.com/
index,CDN LIGHTING - CDN LIGHT,https://www.cdnlight.com/SeriesParameters/index.aspx?plcid=28&lcid=93,https://www.cdnlight.com/
index,CDN LIGHTING - CDN LIGHT,https://www.cdnlight.com/SeriesParameters/index.aspx?plcid=28&lcid=94,https://www.cdnlight.com/
index,CDN LIGHTING - CDN LIGHT,https://www.cdnlight.com/SeriesParameters/index.aspx?plcid=28&lcid=95,https://www.cdnlight.com/
index,CDN LIGHTING - CDN LIGHT,https://www.cdnlight.com/SeriesParameters/index.aspx?plcid=28&lcid=96,https://www.cdnlight.com/
index,CDN LIGHTING - CDN LIGHT,https://www.cdnlight.com/SeriesParameters/index.aspx?plcid=29,https://www.cdnlight.com/
index,CDN LIGHTING - CDN LIGHT,https://www.cdnlight.com/SeriesParameters/index.aspx?plcid=29&lcid=156,https://www.cdnlight.com/
index,CDN LIGHTING - CDN LIGHT,https://www.cdnlight.com/SeriesParameters/index.aspx?plcid=29&lcid=159,https://www.cdnlight.com/
index,CDN LIGHTING - CDN LIGHT,https://www.cdnlight.com/SeriesParameters/index.aspx?plcid=29&lcid=17,https://www.cdnlight.com/
index,CDN LIGHTING - CDN LIGHT,https://www.cdnlight.com/SeriesParameters/index.aspx?plcid=29&lcid=179,https://www.cdnlight.com/
index,CDN LIGHTING - CDN LIGHT,https://www.cdnlight.com/SeriesParameters/index.aspx?plcid=29&lcid=18,https://www.cdnlight.com/
index,CDN LIGHTING - CDN LIGHT,https://www.cdnlight.com/SeriesParameters/index.aspx?plcid=29&lcid=198,https://www.cdnlight.com/
index,CDN LIGHTING - CDN LIGHT,https://www.cdnlight.com/SeriesParameters/index.aspx?plcid=29&lcid=20,https://www.cdnlight.com/
index,CDN LIGHTING - CDN LIGHT,https://www.cdnlight.com/SeriesParameters/index.aspx?plcid=29&lcid=21,https://www.cdnlight.com/
index,CDN LIGHTING - CDN LIGHT,https://www.cdnlight.com/SeriesParameters/index.aspx?plcid=29&lcid=22,https://www.cdnlight.com/
index,CDN LIGHTING - CDN LIGHT,https://www.cdnlight.com/SeriesParameters/index.aspx?plcid=29&lcid=24,https://www.cdnlight.com/
index,CDN LIGHTING - CDN LIGHT,https://www.cdnlight.com/SeriesParameters/index.aspx?plcid=29&lcid=246,https://www.cdnlight.com/
index,CDN LIGHTING - CDN LIGHT,https://www.cdnlight.com/SeriesParameters/index.aspx?plcid=29&lcid=25,https://www.cdnlight.com/
index,CDN LIGHTING - CDN LIGHT,https://www.cdnlight.com/SeriesParameters/index.aspx?plcid=29&lcid=26,https://www.cdnlight.com/
index,CDN LIGHTING - CDN LIGHT,https://www.cdnlight.com/SeriesParameters/index.aspx?plcid=29&lcid=27,https://www.cdnlight.com/
index,CDN LIGHTING - CDN LIGHT,https://www.cdnlight.com/SeriesParameters/index.aspx?plcid=29&lcid=28,https://www.cdnlight.com/
index_plcid_28,CDN LIGHTING - CDN LIGHT,https://www.cdnlight.com/SeriesParameters/index_plcid_28.html,https://www.cdnlight.com/
index_plcid_28_lcid_1079,CDN LIGHTING - CDN LIGHT,https://www.cdnlight.com/SeriesParameters/index_plcid_28_lcid_1079.html,https://www.cdnlight.com/
index_plcid_28_lcid_82,CDN LIGHTING - CDN LIGHT,https://www.cdnlight.com/SeriesParameters/index_plcid_28_lcid_82.html,https://www.cdnlight.com/
index_plcid_28_lcid_830,CDN LIGHTING - CDN LIGHT,https://www.cdnlight.com/SeriesParameters/index_plcid_28_lcid_830.html,https://www.cdnlight.com/
index_plcid_28_lcid_85,CDN LIGHTING - CDN LIGHT,https://www.cdnlight.com/SeriesParameters/index_plcid_28_lcid_85.html,https://www.cdnlight.com/
index_plcid_28_lcid_87,CDN LIGHTING - CDN LIGHT,https://www.cdnlight.com/SeriesParameters/index_plcid_28_lcid_87.html,https://www.cdnlight.com/
index_plcid_28_lcid_88,CDN LIGHTING - CDN LIGHT,https://www.cdnlight.com/SeriesParameters/index_plcid_28_lcid_88.html,https://www.cdnlight.com/
index_plcid_28_lcid_89,CDN LIGHTING - CDN LIGHT,https://www.cdnlight.com/SeriesParameters/index_plcid_28_lcid_89.html,https://www.cdnlight.com/
index_plcid_28_lcid_90,CDN LIGHTING - CDN LIGHT,https://www.cdnlight.com/SeriesParameters/index_plcid_28_lcid_90.html,https://www.cdnlight.com/
index_plcid_28_lcid_91,CDN LIGHTING - CDN LIGHT,https://www.cdnlight.com/SeriesParameters/index_plcid_28_lcid_91.html,https://www.cdnlight.com/
index_plcid_28_lcid_916,CDN LIGHTING - CDN LIGHT,https://www.cdnlight.com/SeriesParameters/index_plcid_28_lcid_916.html,https://www.cdnlight.com/
index_plcid_28_lcid_92,CDN LIGHTING - CDN LIGHT,https://www.cdnlight.com/SeriesParameters/index_plcid_28_lcid_92.html,https://www.cdnlight.com/
index_plcid_28_lcid_93,CDN LIGHTING - CDN LIGHT,https://www.cdnlight.com/SeriesParameters/index_plcid_28_lcid_93.html,https://www.cdnlight.com/
index_plcid_28_lcid_95,CDN LIGHTING - CDN LIGHT,https://www.cdnlight.com/SeriesParameters/index_plcid_28_lcid_95.html,https://www.cdnlight.com/
index_plcid_28_lcid_990,CDN LIGHTING - CDN LIGHT,https://www.cdnlight.com/SeriesParameters/index_plcid_28_lcid_990.html,https://www.cdnlight.com/
index_plcid_29,CDN LIGHTING - CDN LIGHT,https://www.cdnlight.com/SeriesParameters/index_plcid_29.html,https://www.cdnlight.com/
index_plcid_29_lcid_156,CDN LIGHTING - CDN LIGHT,https://www.cdnlight.com/SeriesParameters/index_plcid_29_lcid_156.html,https://www.cdnlight.com/
index_plcid_29_lcid_159,CDN LIGHTING - CDN LIGHT,https://www.cdnlight.com/SeriesParameters/index_plcid_29_lcid_159.html,https://www.cdnlight.com/
index_plcid_29_lcid_17,CDN LIGHTING - CDN LIGHT,https://www.cdnlight.com/SeriesParameters/index_plcid_29_lcid_17.html,https://www.cdnlight.com/
index_plcid_29_lcid_179,CDN LIGHTING - CDN LIGHT,https://www.cdnlight.com/SeriesParameters/index_plcid_29_lcid_179.html,https://www.cdnlight.com/
index_plcid_29_lcid_18,CDN LIGHTING - CDN LIGHT,https://www.cdnlight.com/SeriesParameters/index_plcid_29_lcid_18.html,https://www.cdnlight.com/
index_plcid_29_lcid_198,CDN LIGHTING - CDN LIGHT,https://www.cdnlight.com/SeriesParameters/index_plcid_29_lcid_198.html,https://www.cdnlight.com/
index_plcid_29_lcid_20,CDN LIGHTING - CDN LIGHT,https://www.cdnlight.com/SeriesParameters/index_plcid_29_lcid_20.html,https://www.cdnlight.com/
index_plcid_29_lcid_21,CDN LIGHTING - CDN LIGHT,https://www.cdnlight.com/SeriesParameters/index_plcid_29_lcid_21.html,https://www.cdnlight.com/
index_plcid_29_lcid_22,CDN LIGHTING - CDN LIGHT,https://www.cdnlight.com/SeriesParameters/index_plcid_29_lcid_22.html,https://www.cdnlight.com/
index_plcid_29_lcid_24,CDN LIGHTING - CDN LIGHT,https://www.cdnlight.com/SeriesParameters/index_plcid_29_lcid_24.html,https://www.cdnlight.com/
index_plcid_29_lcid_246,CDN LIGHTING - CDN LIGHT,https://www.cdnlight.com/SeriesParameters/index_plcid_29_lcid_246.html,https://www.cdnlight.com/
index_plcid_29_lcid_25,CDN LIGHTING - CDN LIGHT,https://www.cdnlight.com/SeriesParameters/index_plcid_29_lcid_25.html,https://www.cdnlight.com/
index_plcid_29_lcid_26,CDN LIGHTING - CDN LIGHT,https://www.cdnlight.com/SeriesParameters/index_plcid_29_lcid_26.html,https://www.cdnlight.com/
index_plcid_29_lcid_27,CDN LIGHTING - CDN LIGHT,https://www.cdnlight.com/SeriesParameters/index_plcid_29_lcid_27.html,https://www.cdnlight.com/
index_plcid_29_lcid_28,CDN LIGHTING - CDN LIGHT,https://www.cdnlight.com/SeriesParameters/index_plcid_29_lcid_28.html,https://www.cdnlight.com/
index,CDN LIGHTING - CDN LIGHT,https://www.cdnlight.com/SeriesParameters/index.aspx?plcid=28&lcid=84,https://www.cdnlight.com/WebsiteMap/index.aspx
